u,v,key,oneway,highway,name,length,lanes,width,est_width,maxspeed,access,service,bridge,tunnel,area,junction,osmid,ref
221726509,3138808181,0,False,primary,East Main Street,278.841,2,,,,,,yes,,,,"[20665488, 186073780, 186073789]",US 6
221729096,222023979,0,False,residential,Franklin Street,75.547,,,,,,,,,,,20681473,
221739612,221739625,0,True,residential,,31.193,,,,,,,,,,,20654553,
221739612,221854914,0,False,residential,Water Street,25.201,,,,,,,,,,,20667359,
221739612,221854890,0,False,residential,Water Street,49.965,,,,,,,,,,,20667359,
221739625,222269668,0,False,residential,Lumber Street,105.449,,,,,,,,,,,20698419,
221739625,221854914,0,False,residential,Lumber Street,16.344,,,,,,,,,,,20698419,
221740940,221886120,0,False,residential,Ferry Street,58.261,,,,,,,,,,,179222929,
221740940,221740952,0,False,residential,,68.06,,,,,,,,,,,20654713,
221740940,222163793,0,False,residential,Ferry Street,15.745,,,,,,,,,,,179222929,
221740952,221740940,0,False,residential,,68.06,,,,,,,,,,,20654713,
221744920,221744922,0,False,residential,,47.888,,,,,,,,,,,20655074,
221744920,221971949,0,False,residential,West Main Street,112.63,,,,,,,,,,,131545779,
221744920,221972029,0,False,residential,West Main Street,192.99,,,,,,,yes,,,,"[131545784, 131545779, 50239704]",
221744922,221744920,0,False,residential,,47.888,,,,,,,,,,,20655074,
221744922,221971956,0,False,residential,West Main Street,90.755,,,,,,,,,,,20675284,
221744922,221971949,0,False,residential,West Main Street,91.633,,,,,,,,,,,20675284,
221747258,221759075,0,False,residential,Ryan Street,23.715,,,,,,,,,,,20694090,
221747258,221747286,0,False,residential,,222.902,,,,,,,,,,,20655282,
221747258,222012723,0,False,residential,Ryan Street,137.172,,,,,,,,,,,20694090,
221747286,221747258,0,False,residential,,222.902,,,,,,,,,,,20655282,
221747544,222164686,0,False,residential,"['Gardner Street', 'Prospect Street']",244.262,,,,,,,,,,,"[20667660, 139811636]",
221759075,221747258,0,False,residential,Ryan Street,23.715,,,,,,,,,,,20694090,
221759075,221759114,0,False,residential,,266.485,,,,,,,,,,,20656434,
221759075,221859413,0,False,residential,Ryan Street,112.618,,,,,,,,,,,20694090,
221759114,221759075,0,False,residential,,266.485,,,,,,,,,,,20656434,
221763529,4567266923,0,False,residential,Hammond Street,53.58,2,,,,,,,,,,461186622,
221768947,221859413,0,True,primary,Culvert Street,43.274,,,,,,,,,,,50143832,
221768947,221768951,0,True,primary_link,,75.741,1,,,,,,,,,,20657437,US 209
221768951,221859413,0,True,primary,Kingston Avenue,40.21,1,,,,,,,,,,50143828,US 209
221775638,221835766,0,False,residential,Skinner Street,122.713,,,,,,,,,,,20708352,
221778108,221778128,0,False,residential,,188.756,,,,,,,,,,,20658423,
221778108,221792799,0,False,residential,Skyline Drive,911.865,,,,,,,,,,,20704488,
221778108,222329963,0,False,residential,Skyline Drive,920.043,,,,,,,,,,,20704488,
221778128,221778108,0,False,residential,,188.756,,,,,,,,,,,20658423,
221778134,221778139,0,False,residential,,58.637,,,,,,,,,,,20658427,
221778134,221812641,0,False,residential,Skyline Drive,1280.688,,,,,,,,,,,20704488,
221778134,221792799,0,False,residential,Skyline Drive,169.276,,,,,,,,,,,20704488,
221778139,221778154,0,False,residential,,107.509,,,,,,,,,,,20658427,
221778139,221778134,0,False,residential,,58.637,,,,,,,,,,,20658427,
221778139,221792783,0,False,residential,,115.423,,,,,,,,,,,20660039,
221778154,221778139,0,False,residential,,107.509,,,,,,,,,,,20658427,
221780041,221780068,0,False,residential,,174.918,,,,,,,,,,,"[20658609, 20658605]",
221780068,221883788,0,False,residential,Erie Street,0.125,,,,,,,,,,,20674336,
221780068,221839308,0,False,residential,Erie Street,74.571,,,,,,,,,,,20674336,
221780068,221780041,0,False,residential,,174.918,,,,,,,,,,,"[20658609, 20658605]",
221782869,221835762,0,False,residential,New Ball Street,118.199,,,,,,,,,,,20690101,
221792783,221778139,0,False,residential,,115.423,,,,,,,,,,,20660039,
221792799,221792830,0,False,residential,,247.57,,,,,,,,,,,20660041,
221792799,221778134,0,False,residential,Skyline Drive,169.276,,,,,,,,,,,20704488,
221792799,221778108,0,False,residential,Skyline Drive,911.865,,,,,,,,,,,20704488,
221792830,221792799,0,False,residential,,247.57,,,,,,,,,,,20660041,
221812602,221812641,0,False,residential,,558.094,,,,,,,,,,,20662400,
221812641,221812602,0,False,residential,,558.094,,,,,,,,,,,20662400,
221812641,221778134,0,False,residential,Skyline Drive,1280.688,,,,,,,,,,,20704488,
221814234,221971979,0,False,residential,Hudson Street,29.403,,,,,,,,,,,20707012,
221814234,221814245,0,False,residential,,71.904,,,,,,,,,,,20662588,
221814234,222154340,0,False,residential,Hudson Street,326.391,,,,,,,,,,,20707012,
221814245,221971962,0,False,primary,West Main Street,23.686,,,,,,,,,,,20675292,NY 42;NY 97
221814245,221814234,0,False,residential,,71.904,,,,,,,,,,,20662588,
221814245,221917899,0,False,primary,West Main Street,49.648,,,,,,,,,,,20675292,NY 42;NY 97
221828493,222236830,0,False,residential,Woodland Drive,289.584,,,,,,,,,,,20713055,
221835708,221835713,0,False,primary,East Main Street,35.501,2,,,,,,,,,,186073780,US 6
221835708,3138808181,0,False,residential,Road B,106.816,,,,,,,,,,,20713367,
221835708,3138808181,1,False,primary,East Main Street,38.626,2,,,,,,,,,,186073780,US 6
221835713,221835719,0,False,primary,East Main Street,17.582,2,,,,,,,,,,186073780,US 6
221835713,221835708,0,False,primary,East Main Street,35.501,2,,,,,,,,,,186073780,US 6
221835713,222082848,0,False,residential,Minisink Avenue,67.585,,,,,,,,,,,20695478,
221835719,222287052,0,True,residential,Barclay Street,171.02,,,,,,,,,,,20700271,
221835719,221835713,0,False,primary,East Main Street,17.582,2,,,,,,,,,,186073780,US 6
221835719,221835726,0,False,primary,East Main Street,68.097,2,,,,,,,,,,186073780,US 6
221835726,221835728,0,False,primary,East Main Street,10.956,2,,,,,,,,,,186073780,US 6
221835726,221835719,0,False,primary,East Main Street,68.097,2,,,,,,,,,,186073780,US 6
221835728,221835726,0,False,primary,East Main Street,10.956,2,,,,,,,,,,186073780,US 6
221835728,222293596,0,False,tertiary,North Maple Avenue,155.457,,,,,,,,,,,20704769,
221835728,221835748,0,False,primary,East Main Street,140.683,2,,,,,,yes,,,,"[174191801, 174191804, 186073780]",US 6
221835748,221940054,0,False,residential,South Street,101.732,,,,,,,,,,,20673336,
221835748,221835755,0,False,primary,East Main Street,174.695,2,,,,,,,,,,174191804,US 6
221835748,221835728,0,False,primary,East Main Street,140.683,2,,,,,,yes,,,,"[174191801, 186073780, 174191804]",US 6
221835755,221926074,0,False,residential,North Street,76.017,,,,,,,,,,,20672348,
221835755,221835758,0,False,primary,East Main Street,179.704,2,,,,,,,,,,174191804,US 6
221835755,221835748,0,False,primary,East Main Street,174.695,2,,,,,,,,,,174191804,US 6
221835758,222036904,0,False,tertiary,Jersey Avenue,139.704,,,,,,,,,,,20678577,
221835758,221835762,0,False,primary,East Main Street,217.513,2,,,,,,,,,,174191804,US 6
221835758,221835755,0,False,primary,East Main Street,179.704,2,,,,,,,,,,174191804,US 6
221835762,221835766,0,False,primary,East Main Street,89.029,2,,,,,,,,,,236782849,US 6
221835762,221951783,0,False,residential,Ball Street,42.429,,,,,,,,,,,20674030,
221835762,221782869,0,False,residential,New Ball Street,118.199,,,,,,,,,,,20690101,
221835762,221835758,0,False,primary,East Main Street,217.513,2,,,,,,,,,,174191804,US 6
221835766,221835762,0,False,primary,East Main Street,89.029,2,,,,,,,,,,236782849,US 6
221835766,221951783,0,False,residential,Cole Street,81.821,,,,,,,,,,,20699040,
221835766,221775638,0,False,residential,Skinner Street,122.713,,,,,,,,,,,20708352,
221835766,221835794,0,False,primary,East Main Street,550.369,2,,,,,,,,,,236782849,US 6
221835794,221835796,0,False,primary,East Main Street,136.355,2,,,,,,,,,,236782849,US 6
221835794,222077706,0,False,residential,Pennsylvania Avenue,73.87,,,,,,,,,,,20699127,
221835794,221835766,0,False,primary,East Main Street,550.369,2,,,,,,,,,,236782849,US 6
221835796,221835798,0,False,primary,East Main Street,38.839,2,,,,,,,,,,236782849,US 6
221835796,221835794,0,False,primary,East Main Street,136.355,2,,,,,,,,,,236782849,US 6
221835796,222292947,0,False,residential,Merrit Place,129.153,,,,,,,,,,,20700940,
221835798,222292937,0,False,residential,Merrit Place,99.514,,,,,,,,,,,20700936,
221835798,221835800,0,False,primary,East Main Street,33.579,2,,,,,,,,,,236782849,US 6
221835798,221835796,0,False,primary,East Main Street,38.839,2,,,,,,,,,,236782849,US 6
221835800,221835802,0,False,primary,East Main Street,100.264,2,,,,,,,,,,236782849,US 6
221835800,221835798,0,False,primary,East Main Street,33.579,2,,,,,,,,,,236782849,US 6
221835800,222030652,0,False,residential,Seward Avenue,174.089,,,,,,,,,,,20678126,
221835802,221835804,0,False,primary,East Main Street,15.994,2,,,,,,,,,,236782849,US 6
221835802,221835800,0,False,primary,East Main Street,100.264,2,,,,,,,,,,236782849,US 6
221835802,222338233,0,False,residential,Prospect Street,106.698,,,,,,,,,,,20713320,
221835804,221835802,0,False,primary,East Main Street,15.994,2,,,,,,,,,,236782849,US 6
221835804,221974598,0,False,residential,Church Street,128.547,,,,,,,,,,,20675458,
221835804,221835807,0,False,primary,East Main Street,75.408,2,,,,,,,,,,236782849,US 6
221835807,222164689,0,False,residential,Kellogg Avenue,183.853,,,,,,,,,,,20712988,
221835807,221835811,0,False,primary,East Main Street,76.374,2,,,,,,,,,,236782849,US 6
221835807,221835804,0,False,primary,East Main Street,75.408,2,,,,,,,,,,236782849,US 6
221835811,221977083,0,False,residential,Fowler Street,47.921,,,,,,,,,,,236782850,
221835811,222043549,0,False,primary,Kingston Avenue,167.445,2,,,,,,,,,,20678911,US 209
221835811,221835818,0,False,primary,East Main Street,84.142,2,,,,,,,,,,32334162,US 6;US 209
221835811,221835807,0,False,primary,East Main Street,76.374,2,,,,,,,,,,236782849,US 6
221835818,222127239,0,False,residential,Ferguson Avenue,148.85,,,,,,,,,,,20694891,
221835818,221835820,0,False,primary,East Main Street,43.083,2,,,,,,,,,,32334162,US 6;US 209
221835818,221835811,0,False,primary,East Main Street,84.142,2,,,,,,,,,,32334162,US 6;US 209
221835820,221877926,0,False,residential,Elizabeth Street,149.921,,,,,,,,,,,20669307,
221835820,221835823,0,False,primary,East Main Street,107.861,2,,,,,,,,,,32334162,US 6;US 209
221835820,221835818,0,False,primary,East Main Street,43.083,2,,,,,,,,,,32334162,US 6;US 209
221835823,222127245,0,False,residential,Sullivan Avenue,151.729,,,,,,,,,,,20689777,
221835823,221835829,0,False,primary,East Main Street,84.693,2,,,,,,,,,,32334162,US 6;US 209
221835823,221835820,0,False,primary,East Main Street,107.861,2,,,,,,,,,,32334162,US 6;US 209
221835829,221835831,0,False,primary,East Main Street,83.255,2,,,,,,,,,,32334162,US 6;US 209
221835829,221982750,0,False,residential,Sussex Street,155.231,,,,,,,,,,,20676042,
221835829,221998348,0,False,residential,Ulster Place,158.954,,,,,,,,,,,20676754,
221835829,221835823,0,False,primary,East Main Street,84.693,2,,,,,,,,,,32334162,US 6;US 209
221835831,221971962,0,False,primary,West Main Street,85.349,,,,,,,,,,,20675292,NY 42;NY 97
221835831,221835829,0,False,primary,East Main Street,83.255,2,,,,,,,,,,32334162,US 6;US 209
221835831,222210756,0,False,residential,Orange Street,206.914,,,,,,,,,,,20711389,
221835831,221988773,0,False,primary,Pike Street,130.978,2,,,30 mph,,,,,,,236782855,US 6;US 209
221839299,221972103,0,False,residential,West Main Street,76.396,,,,,,,,,,,131545779,
221839299,221883784,0,False,residential,West Main Street,75.387,,,,,,,,,,,131545779,
221839299,221839308,0,False,residential,Liberty Street,198.328,,,,,,,,,,,20665834,
221839308,221780068,0,False,residential,Erie Street,74.571,,,,,,,,,,,20674336,
221839308,221956856,0,False,residential,Erie Street,77.272,,,,,,,,,,,20674336,
221839308,221839318,0,False,residential,Liberty Street,64.254,,,,,,,,,,,20665834,
221839308,221839299,0,False,residential,Liberty Street,198.328,,,,,,,,,,,20665834,
221839318,221839308,0,False,residential,Liberty Street,64.254,,,,,,,,,,,20665834,
221848876,221848880,0,False,residential,Wagner Place,78.659,,,,,,,,,,,20666804,
221848876,222036904,0,False,tertiary,Jersey Avenue,27.161,,,,,,,,,,,20678577,
221848876,222023911,0,False,tertiary,Jersey Avenue,220.559,,,,,,,,,,,20678577,
221848880,221848876,0,False,residential,Wagner Place,78.659,,,,,,,,,,,20666804,
221854886,221854890,0,False,residential,Water Street,81.071,,,,,,,,,,,20667359,
221854886,222144157,0,False,residential,Brown Street,109.12,,,,,,,,,,,20687544,
221854886,4567266971,0,False,residential,Water Street,81.317,,,,,,,,,,,20667359,
221854890,221854886,0,False,residential,Water Street,81.071,,,,,,,,,,,20667359,
221854890,222370152,0,False,residential,Thompson Street,108.33,,,,,,,,,,,20711169,
221854890,221739612,0,False,residential,Water Street,49.965,,,,,,,,,,,20667359,
221854914,221739612,0,False,residential,Water Street,25.201,,,,,,,,,,,20667359,
221854914,221886100,0,False,residential,River Road,481.374,,,,,,,,,,,20669955,
221854914,221739625,0,False,residential,Lumber Street,16.344,,,,,,,,,,,20698419,
221858778,221858783,0,False,residential,Cross Street,40.179,,,,,,,,,,,20667724,
221858778,222303924,0,False,residential,Orange Street,80.048,,,,,,,,,,,20711389,
221858778,221863991,0,False,residential,Orange Street,188.254,,,,,,,,,,,20711389,
221858783,221858789,0,False,residential,Cross Street,87.475,,,,,,,,,,,20667724,
221858783,221858778,0,False,residential,Cross Street,40.179,,,,,,,,,,,20667724,
221858783,222231352,0,False,residential,Hudson Street,182.745,,,,,,,,,,,20707012,
221858789,221858783,0,False,residential,Cross Street,87.475,,,,,,,,,,,20667724,
221858789,222091403,0,False,residential,Maiden Lane,86.256,,,,,,,,,,,20682655,
221858789,222091394,0,False,residential,Maiden Lane,183.647,,,,,,,,,,,20682655,
221858872,221858872,0,False,residential,Elks Memorial Park,331.728,,,,,,,,,,,20667734,
221858872,221858872,1,False,residential,Elks Memorial Park,331.728,,,,,,,,,,,20667734,
221858872,222329963,0,False,residential,Skyline Drive,170.569,,,,,,,,,,,20704388,
221859402,221859405,0,True,primary,Culvert Street,161.601,1,,,,,,,,,,20667764,US 209
221859402,222043583,0,False,primary,Kingston Avenue,54.127,2,,,,,,,,,,20678911,US 209
221859405,222034630,0,False,residential,Howard Street,74.901,,,,,,,,,,,20689961,
221859405,221768947,0,True,primary,Culvert Street,174.928,1,,,,,,,,,,20667764,US 209
221859413,221759075,0,False,residential,Ryan Street,112.618,,,,,,,,,,,20694090,
221859413,221940500,0,True,primary,Kingston Avenue,75.55,1,,,,,,,,,,50143828,US 209
221862783,221862787,0,False,residential,River Street,131.658,,,,,,,,,,,20668050,
221862787,221862783,0,False,residential,River Street,131.658,,,,,,,,,,,20668050,
221862787,221972092,0,False,residential,West Main Street,33.882,,,,,,,,,,,131545779,
221862787,221972087,0,False,residential,West Main Street,61.832,,,,,,,,,,,131545779,
221863386,221863393,0,False,residential,Schultz Street,165.843,,,,,,,,,,,20668099,
221863393,222043583,0,False,primary,Kingston Avenue,76.173,2,,,,,,,,,,20678911,US 209
221863393,222043579,0,False,primary,Kingston Avenue,38.037,2,,,,,,,,,,20678911,US 209
221863393,221863386,0,False,residential,Schultz Street,165.843,,,,,,,,,,,20668099,
221863983,221863991,0,False,residential,Richard Street,44.105,,,,,,,,,,,20668150,
221863983,221990962,0,False,residential,"['Richard Street', 'Rumsey Street']",66.344,,,,,,,,,,,"[20695976, 20668150]",
221863983,221915814,0,False,residential,Charles Street,126.756,,,,,,,,,,,20671810,
221863991,221863983,0,False,residential,Richard Street,44.105,,,,,,,,,,,20668150,
221863991,222231352,0,False,residential,Reservoir Avenue,92.803,,,,,,,,,,,20695095,
221863991,221858778,0,False,residential,Orange Street,188.254,,,,,,,,,,,20711389,
221863991,222064074,0,False,residential,Orange Street,240.911,,,,,,,,,,,20711389,
221877910,221877919,0,False,residential,Elizabeth Street,43.439,,,,,,,,,,,20669307,
221877910,221990863,0,False,residential,"['Ridge Avenue', 'Spring Street']",142.182,,,,,,,,,,,"[20710504, 20676425]",
221877910,222046337,0,False,residential,Ridge Avenue,117.516,,,,,,,,,,,20710504,
221877919,221877922,0,False,residential,Elizabeth Street,30.349,,,,,,,,,,,20669307,
221877919,221877910,0,False,residential,Elizabeth Street,43.439,,,,,,,,,,,20669307,
221877919,222008948,0,False,residential,East View Place,169.341,,,,,,,,,,,20707054,
221877922,221877926,0,False,residential,Elizabeth Street,64.237,,,,,,,,,,,20669307,
221877922,221877919,0,False,residential,Elizabeth Street,30.349,,,,,,,,,,,20669307,
221877922,221990863,0,False,residential,East Broome Street,71.75,,,,,,,,,,,20699360,
221877926,221877922,0,False,residential,Elizabeth Street,64.237,,,,,,,,,,,20669307,
221877926,221835820,0,False,residential,Elizabeth Street,149.921,,,,,,,,,,,20669307,
221877926,222008948,0,False,residential,John Street,74.506,,,,,,,,,,,20709550,
221878651,221878653,0,False,residential,Francis Street,181.511,,,,,,,,,,,20669419,
221878651,221972115,0,False,residential,West Main Street,78.388,,,,,,,,,,,131545779,
221878651,221972111,0,False,residential,West Main Street,76.905,,,,,,,,,,,131545779,
221878653,221878651,0,False,residential,Francis Street,181.511,,,,,,,,,,,20669419,
221878653,221956852,0,False,residential,Erie Street,76.385,,,,,,,,,,,20674336,
221878653,221956847,0,False,residential,Erie Street,75.41,,,,,,,,,,,20674336,
221883784,221883788,0,False,residential,Grand Street,198.4,,,,,,,,,,,20669828,
221883784,221839299,0,False,residential,West Main Street,75.387,,,,,,,,,,,131545779,
221883784,221972100,0,False,residential,West Main Street,77.282,,,,,,,,,,,131545779,
221883788,221883784,0,False,residential,Grand Street,198.4,,,,,,,,,,,20669828,
221883788,221956860,0,False,residential,Erie Street,75.601,,,,,,,,,,,20674336,
221883788,221780068,0,False,residential,Erie Street,0.125,,,,,,,,,,,20674336,
221886100,221886120,0,False,residential,River Road,125.571,,,,,,,,,,,20669955,
221886100,221854914,0,False,residential,River Road,481.374,,,,,,,,,,,20669955,
221886100,222176499,0,False,residential,Railroad Circle,135.063,,,,,,,,,,,20712751,
221886120,221740940,0,False,residential,Ferry Street,58.261,,,,,,,,,,,179222929,
221886120,221886100,0,False,residential,River Road,125.571,,,,,,,,,,,20669955,
221886120,222163800,0,False,residential,Ferry Street,112.914,,,,,,,,,,,179222929,
221888381,221888384,0,False,residential,Allen Street,67.166,,,,,,,,,,,20670067,
221888381,221956827,0,False,residential,West Main Street,134.538,,,,,,,,,,,131545779,
221888381,221972137,0,False,residential,West Main Street,93.528,,,,,,,,,,,131545779,
221888384,221888387,0,False,residential,Allen Street,56.851,,,,,,,,,,,20670067,
221888384,221888381,0,False,residential,Allen Street,67.166,,,,,,,,,,,20670067,
221888384,221956835,0,False,residential,Erie Street,76.06,,,,,,,,,,,20674336,
221888384,221956831,0,False,residential,Erie Street,95.434,,,,,,,,,,,20674336,
221888387,221888384,0,False,residential,Allen Street,56.851,,,,,,,,,,,20670067,
221899866,221899882,0,False,residential,McAllister Street,229.207,,,,,,,,,,,20670808,
221899866,222071605,0,False,residential,Coleman Street,63.914,,,,,,,,,,,20680737,
221899866,221972092,0,False,residential,Coleman Street,168.761,,,,,,,,,,,20680737,
221899882,221899900,0,False,residential,West Main Street,9.281,,,,,,,,,,,131545779,
221899882,221972092,0,False,residential,West Main Street,50.422,,,,,,,,,,,131545779,
221899882,221899866,0,False,residential,McAllister Street,229.207,,,,,,,,,,,20670808,
221899896,221899900,0,False,residential,McAllister Street,112.666,,,,,,,,,,,20670811,
221899900,221899896,0,False,residential,McAllister Street,112.666,,,,,,,,,,,20670811,
221899900,221966301,0,False,residential,West Main Street,62.234,,,,,,,,,,,131545779,
221899900,221899882,0,False,residential,West Main Street,9.281,,,,,,,,,,,131545779,
221914660,221982746,0,False,residential,Sussex Street,22.673,,,,,,,,,,,20676042,
221914660,221982739,0,False,residential,Sussex Street,201.84,,,,,,,,,,,20676042,
221914662,221914660,0,True,residential,South Broome Street,79.573,,,,,,,,,,,20671745,
221914662,221965350,0,False,primary,Pike Street,24.724,2,,,30 mph,,,,,,,236782855,US 6;US 209
221914662,4567266923,0,False,primary,Pike Street,201.888,2,,,30 mph,,,,,,,236782855,US 6;US 209
221915814,221863983,0,False,residential,Charles Street,126.756,,,,,,,,,,,20671810,
221917893,221917896,0,False,residential,Delaware Street,133.118,,,,,,,,,,,20671907,
221917896,221917899,0,False,residential,Delaware Street,112.932,,,,,,,,,,,20671907,
221917896,221917893,0,False,residential,Delaware Street,133.118,,,,,,,,,,,20671907,
221917896,221965353,0,False,residential,West Broome Street,51.828,,,,,,,,,,,20674815,
221917899,221917896,0,False,residential,Delaware Street,112.932,,,,,,,,,,,20671907,
221917899,221971979,0,False,primary,West Main Street,29.038,,,,,,,,,,,20675292,NY 42;NY 97
221917899,221814245,0,False,primary,West Main Street,49.648,,,,,,,,,,,20675292,NY 42;NY 97
221925521,221925532,0,False,residential,North Street,35.069,,,,,,,,,,,20672311,
221925521,221926074,0,False,residential,North Street,62.354,,,,,,,,,,,20672348,
221925521,221940054,0,False,residential,"['South Street', 'High Street']",223.748,,,,,,,,,,,"[20673336, 20707738]",
221925532,221925521,0,False,residential,North Street,35.069,,,,,,,,,,,20672311,
221926074,221925521,0,False,residential,North Street,62.354,,,,,,,,,,,20672348,
221926074,221835755,0,False,residential,North Street,76.017,,,,,,,,,,,20672348,
221926074,221940054,0,False,residential,Chestnut Street,171.418,,,,,,,,,,,20706222,
221939086,222082855,0,False,residential,"['Patterson Street', 'Wright Street']",193.427,,,,,,,,,,,"[20673268, 20700990]",
221939086,222082848,0,False,residential,Minisink Avenue,76.551,,,,,,,,,,,20695478,
221939086,222236830,0,False,residential,Minisink Avenue,43.869,,,,,,,,,,,20695478,
221940054,221835748,0,False,residential,South Street,101.732,,,,,,,,,,,20673336,
221940054,221925521,0,False,residential,"['South Street', 'High Street']",223.748,,,,,,,,,,,"[20673336, 20707738]",
221940054,221926074,0,False,residential,Chestnut Street,171.418,,,,,,,,,,,20706222,
221940500,221951976,0,False,residential,"['Cahoonzie Street', 'Mohawk Street']",295.224,,,,,,,,,,,"[20674040, 20673383]",
221940500,221951919,0,True,primary,Kingston Avenue,85.594,1,,,,,,,,,,50143828,US 209
221944274,221944277,0,False,residential,Court Helaine,92.23,,,,,,,,,,,20673584,
221944274,222076541,0,False,residential,Robert Street,66.061,,,,,,,,,,,20706324,
221944274,222210810,0,False,residential,Robert Street,79.347,,,,,,,,,,,20706324,
221944277,221944274,0,False,residential,Court Helaine,92.23,,,,,,,,,,,20673584,
221944277,221951942,0,False,residential,Cahoonzie Street,65.99,,,,,,,,,,,20674040,
221944277,221951976,0,False,residential,Cahoonzie Street,194.597,,,,,,,,,,,20674040,
221951783,221951785,0,False,residential,Ball Street,234.345,,,,,,,,,,,20674030,
221951783,222036904,0,False,residential,Cole Street,181.334,,,,,,,,,,,20699040,
221951783,221835762,0,False,residential,Ball Street,42.429,,,,,,,,,,,20674030,
221951783,221835766,0,False,residential,Cole Street,81.821,,,,,,,,,,,20699040,
221951785,221951788,0,False,residential,Ball Street,165.942,,,,,,,,,,,20674030,
221951785,221951783,0,False,residential,Ball Street,234.345,,,,,,,,,,,20674030,
221951785,222023971,0,False,residential,Owen Street,76.293,,,,,,,,,,,20677791,
221951785,222023956,0,False,residential,Owen Street,75.297,,,,,,,,,,,20677791,
221951788,221951785,0,False,residential,Ball Street,165.942,,,,,,,,,,,20674030,
221951788,222276525,0,False,residential,Pennsylvania Avenue,76.292,,,,,,,,,,,20699127,
221951788,222276522,0,False,residential,Pennsylvania Avenue,75.822,,,,,,,,,,,20699127,
221951788,221951796,0,False,residential,Ball Street,201.412,,,,,,,,,,,20674030,
221951796,221951800,0,False,residential,Ball Street,106.625,,,,,,,,,,,20674030,
221951796,222030639,0,False,residential,Seward Avenue,78.042,,,,,,,,,,,20678126,
221951796,222030635,0,False,residential,Seward Avenue,75.6,,,,,,,,,,,20678126,
221951796,221951788,0,False,residential,Ball Street,201.412,,,,,,,,,,,20674030,
221951800,221951803,0,False,residential,Ball Street,154.883,,,,,,,,,,,20674030,
221951800,221951796,0,False,residential,Ball Street,106.625,,,,,,,,,,,20674030,
221951800,221974576,0,False,residential,Church Street,75.759,,,,,,,,,,,20675458,
221951800,221974583,0,False,residential,Church Street,75.831,,,,,,,,,,,20675458,
221951803,221951800,0,False,residential,Ball Street,154.883,,,,,,,,,,,20674030,
221951803,222321486,0,False,residential,Fowler Street,77.093,,,,,,,,,,,236782850,
221951803,222321482,0,False,residential,Fowler Street,77.334,,,,,,,,,,,236782851,
221951803,221951810,0,False,residential,Ball Street,271.851,,,,,,,,,,,236782848,
221951810,221982734,0,False,residential,Sussex Street,77.126,,,,,,,,,,,20676042,
221951810,221982739,0,False,residential,Sussex Street,78.671,,,,,,,,,,,20676042,
221951810,4567266938,0,False,residential,Ball Street,80.886,,,,,,,,,,,236782848,
221951810,221951803,0,False,residential,Ball Street,271.851,,,,,,,,,,,236782848,
221951919,221951923,0,False,residential,Cahoonzie Street,74.5,,,,,,,,,,,20674039,
221951919,221859402,0,True,primary,Kingston Avenue,263.858,1,,,,,,,,,,50143828,US 209
221951923,221951919,0,False,residential,Cahoonzie Street,74.5,,,,,,,,,,,20674039,
221951923,221951931,0,False,residential,Cahoonzie Street,18.161,,,,,,,,,,,20674039,
221951923,222162606,0,False,residential,Diane Place,125.361,,,,,,,,,,,20689588,
221951931,221951942,0,False,residential,Cahoonzie Street,36.576,,,,,,,,,,,20674039,
221951931,221951923,0,False,residential,Cahoonzie Street,18.161,,,,,,,,,,,20674039,
221951931,222162606,0,False,residential,Diane Place,133.393,,,,,,,,,,,20689595,
221951942,221944277,0,False,residential,Cahoonzie Street,65.99,,,,,,,,,,,20674040,
221951942,222076541,0,False,residential,Glass Street,93.254,,,,,,,,,,,20681212,
221951942,221951931,0,False,residential,Cahoonzie Street,36.576,,,,,,,,,,,20674039,
221951976,221940500,0,False,residential,"['Mohawk Street', 'Cahoonzie Street']",295.224,,,,,,,,,,,"[20674040, 20673383]",
221951976,221944277,0,False,residential,Cahoonzie Street,194.597,,,,,,,,,,,20674040,
221951976,222162606,0,False,residential,Diane Place,66.987,,,,,,,,,,,20689588,
221956827,221956831,0,False,residential,Erie Street,21.197,,,,,,,,,,,20674336,
221956827,221888381,0,False,residential,West Main Street,134.538,,,,,,,,,,,131545779,
221956831,221888384,0,False,residential,Erie Street,95.434,,,,,,,,,,,20674336,
221956831,221956827,0,False,residential,Erie Street,21.197,,,,,,,,,,,20674336,
221956831,222325349,0,False,residential,Ralph Street,187.258,,,,,,,,,,,20703791,
221956835,221956839,0,False,residential,Erie Street,75.371,,,,,,,,,,,20674336,
221956835,221888384,0,False,residential,Erie Street,76.06,,,,,,,,,,,20674336,
221956835,221972137,0,False,residential,Ada Street,121.111,,,,,,,,,,,20705431,
221956835,222340579,0,False,residential,Ada Street,58.204,,,,,,,,,,,20705431,
221956839,221956842,0,False,residential,Erie Street,77.67,,,,,,,,,,,20674336,
221956839,221956835,0,False,residential,Erie Street,75.371,,,,,,,,,,,20674336,
221956839,222136048,0,False,residential,Harold Street,53.018,,,,,,,,,,,20686817,
221956839,221972125,0,False,residential,Harold Street,138.913,,,,,,,,,,,20686817,
221956842,221956847,0,False,residential,Erie Street,75.466,,,,,,,,,,,20674336,
221956842,221956839,0,False,residential,Erie Street,77.67,,,,,,,,,,,20674336,
221956842,222086611,0,False,residential,Willard Street,51.726,,,,,,,,,,,20682225,
221956842,221972119,0,False,residential,Willard Street,153.345,,,,,,,,,,,20682225,
221956847,221878653,0,False,residential,Erie Street,75.41,,,,,,,,,,,20674336,
221956847,221956842,0,False,residential,Erie Street,75.466,,,,,,,,,,,20674336,
221956847,221972115,0,False,residential,Lyman Avenue,167.503,,,,,,,,,,,20700952,
221956852,221956856,0,False,residential,Erie Street,76.152,,,,,,,,,,,20674336,
221956852,221878653,0,False,residential,Erie Street,76.385,,,,,,,,,,,20674336,
221956852,221972111,0,False,residential,Center Street,195.325,,,,,,,,,,,20689795,
221956852,222164199,0,False,residential,Center Street,92.524,,,,,,,,,,,20689795,
221956856,221839308,0,False,residential,Erie Street,77.272,,,,,,,,,,,20674336,
221956856,221956852,0,False,residential,Erie Street,76.152,,,,,,,,,,,20674336,
221956856,221972103,0,False,residential,Gariss Street,198.688,,,,,,,,,,,20688389,
221956860,221956864,0,False,residential,Erie Street,77.078,,,,,,,,,,,20674336,
221956860,221883788,0,False,residential,Erie Street,75.601,,,,,,,,,,,20674336,
221956860,221972100,0,False,residential,Holbrook Street,198.728,,,,,,,,,,,20694274,
221956864,221956867,0,False,residential,Erie Street,75.093,,,,,,,,,,,20674336,
221956864,221956860,0,False,residential,Erie Street,77.078,,,,,,,,,,,20674336,
221956864,221972096,0,False,residential,Buckley Street,198.677,,,,,,,,,,,20689361,
221956867,221956864,0,False,residential,Erie Street,75.093,,,,,,,,,,,20674336,
221956867,221966305,0,False,residential,Mechanic Street,49.338,,,,,,,,,,,20674877,
221956867,221966301,0,False,residential,Mechanic Street,197.399,,,,,,,,,,,20674877,
221965350,221965351,0,False,residential,West Broome Street,82.09,,,,,,,,,,,20674815,
221965350,221988773,0,False,primary,Pike Street,21.18,2,,,30 mph,,,,,,,236782855,US 6;US 209
221965350,221914662,0,False,primary,Pike Street,24.724,2,,,30 mph,,,,,,,236782855,US 6;US 209
221965351,221965353,0,False,residential,West Broome Street,15.988,,,,,,,,,,,20674815,
221965351,221965350,0,False,residential,West Broome Street,82.09,,,,,,,,,,,20674815,
221965351,221971962,0,False,residential,Canal Street,130.144,,,,,,,,,,,20693653,
221965353,221965351,0,False,residential,West Broome Street,15.988,,,,,,,,,,,20674815,
221965353,222210998,0,False,residential,Canal Street,79.318,,,,,,,,,,,20693655,
221965353,221917896,0,False,residential,West Broome Street,51.828,,,,,,,,,,,20674815,
221966294,221966301,0,False,residential,Mechanic Street,114.637,,,,,,,,,,,20674877,
221966301,221956867,0,False,residential,Mechanic Street,197.399,,,,,,,,,,,20674877,
221966301,221966294,0,False,residential,Mechanic Street,114.637,,,,,,,,,,,20674877,
221966301,221972096,0,False,residential,West Main Street,74.453,,,,,,,,,,,131545779,
221966301,221899900,0,False,residential,West Main Street,62.234,,,,,,,,,,,131545779,
221966305,221956867,0,False,residential,Mechanic Street,49.338,,,,,,,,,,,20674877,
221967610,221967613,0,False,residential,Mount William Street,113.859,,,,,,,,,,,20674978,
221967610,222305465,0,False,residential,Clark Street,7.762,,,,,,,,,,,20704259,
221967610,221972004,0,False,residential,Clark Street,170.473,,,,,,,,,,,20704259,
221967613,221967610,0,False,residential,Mount William Street,113.859,,,,,,,,,,,20674978,
221967613,221971997,0,False,residential,West Main Street,40.817,,,,,,,,,,,50239704,
221967613,221972004,0,False,residential,West Main Street,140.707,,,,,,,,,,,50239704,
221971949,221972081,0,False,residential,West Main Street,12.763,,,,,,,,,,,131545779,
221971949,221744922,0,False,residential,West Main Street,91.633,,,,,,,,,,,20675284,
221971949,221744920,0,False,residential,West Main Street,112.63,,,,,,,,,,,131545779,
221971956,221744922,0,False,residential,West Main Street,90.755,,,,,,,,,,,20675284,
221971962,221814245,0,False,primary,West Main Street,23.686,,,,,,,,,,,20675292,NY 42;NY 97
221971962,221835831,0,False,primary,West Main Street,85.349,,,,,,,,,,,20675292,NY 42;NY 97
221971962,222210756,0,False,residential,Canal Street,236.323,,,,,,,,,,,20693653,
221971962,221965351,0,False,residential,Canal Street,130.144,,,,,,,,,,,20693653,
221971979,221814234,0,False,residential,Hudson Street,29.403,,,,,,,,,,,20707012,
221971979,221971991,0,False,primary,West Main Street,139.327,,,,,,,,,,,20675292,NY 42;NY 97
221971979,221917899,0,False,primary,West Main Street,29.038,,,,,,,,,,,20675292,NY 42;NY 97
221971991,221971997,0,False,primary,West Main Street,69.756,,,,,,,,,,,20675292,NY 42;NY 97
221971991,221971979,0,False,primary,West Main Street,139.327,,,,,,,,,,,20675292,NY 42;NY 97
221971991,222305465,0,False,residential,Washington Avenue,163.334,,,,,,,,,,,20701984,
221971997,221967613,0,False,residential,West Main Street,40.817,,,,,,,,,,,50239704,
221971997,221971991,0,False,primary,West Main Street,69.756,,,,,,,,,,,20675292,NY 42;NY 97
221971997,222179052,0,False,primary,Park Avenue,804.88,,,,,,,,,,,20691131,NY 42;NY 97
221972004,221967610,0,False,residential,Clark Street,170.473,,,,,,,,,,,20704259,
221972004,221972029,0,False,residential,West Main Street,224.854,,,,,,,,,,,50239704,
221972004,221967613,0,False,residential,West Main Street,140.707,,,,,,,,,,,50239704,
221972029,222179052,0,False,residential,"['Grand View Avenue', 'Blair Road']",483.592,,,,,,,,,,,"[20689565, 20696423]",
221972029,221744920,0,False,residential,West Main Street,192.99,,,,,,,yes,,,,"[50239704, 131545779, 131545784]",
221972029,221972004,0,False,residential,West Main Street,224.854,,,,,,,,,,,50239704,
221972081,222431973,0,False,residential,Railroad Circle,108.28,,,,,,,,,,,20712749,
221972081,221972084,0,False,residential,West Main Street,40.911,,,,,,,,,,,131545779,
221972081,221971949,0,False,residential,West Main Street,12.763,,,,,,,,,,,131545779,
221972084,221972087,0,False,residential,West Main Street,45.19,,,,,,,,,,,131545779,
221972084,221972081,0,False,residential,West Main Street,40.911,,,,,,,,,,,131545779,
221972084,222163800,0,False,residential,Ferry Street,45.896,,,,,,,,,,,179222929,
221972087,221862787,0,False,residential,West Main Street,61.832,,,,,,,,,,,131545779,
221972087,221972084,0,False,residential,West Main Street,45.19,,,,,,,,,,,131545779,
221972087,221996194,0,False,residential,Fossard Street,219.169,,,,,,,,,,,20676668,
221972092,221899882,0,False,residential,West Main Street,50.422,,,,,,,,,,,131545779,
221972092,221862787,0,False,residential,West Main Street,33.882,,,,,,,,,,,131545779,
221972092,221899866,0,False,residential,Coleman Street,168.761,,,,,,,,,,,20680737,
221972096,221956864,0,False,residential,Buckley Street,198.677,,,,,,,,,,,20689361,
221972096,222160849,0,False,residential,Buckley Street,100.412,,,,,,,,,,,20689361,
221972096,221972100,0,False,residential,West Main Street,76.054,,,,,,,,,,,131545779,
221972096,221966301,0,False,residential,West Main Street,74.453,,,,,,,,,,,131545779,
221972100,221956860,0,False,residential,Holbrook Street,198.728,,,,,,,,,,,20694274,
221972100,222219402,0,False,residential,Holbrook Street,90.723,,,,,,,,,,,20694274,
221972100,221883784,0,False,residential,West Main Street,77.282,,,,,,,,,,,131545779,
221972100,221972096,0,False,residential,West Main Street,76.054,,,,,,,,,,,131545779,
221972103,221956856,0,False,residential,Gariss Street,198.688,,,,,,,,,,,20688389,
221972103,221839299,0,False,residential,West Main Street,76.396,,,,,,,,,,,131545779,
221972103,221972111,0,False,residential,West Main Street,77.033,,,,,,,,,,,131545779,
221972111,221956852,0,False,residential,Center Street,195.325,,,,,,,,,,,20689795,
221972111,221878651,0,False,residential,West Main Street,76.905,,,,,,,,,,,131545779,
221972111,221972103,0,False,residential,West Main Street,77.033,,,,,,,,,,,131545779,
221972115,221956847,0,False,residential,Lyman Avenue,167.503,,,,,,,,,,,20700952,
221972115,221972119,0,False,residential,West Main Street,77.422,,,,,,,,,,,131545779,
221972115,221878651,0,False,residential,West Main Street,78.388,,,,,,,,,,,131545779,
221972119,221956842,0,False,residential,Willard Street,153.345,,,,,,,,,,,20682225,
221972119,221972125,0,False,residential,West Main Street,76.447,,,,,,,,,,,131545779,
221972119,221972115,0,False,residential,West Main Street,77.422,,,,,,,,,,,131545779,
221972125,221956839,0,False,residential,Harold Street,138.913,,,,,,,,,,,20686817,
221972125,221972119,0,False,residential,West Main Street,76.447,,,,,,,,,,,131545779,
221972125,221972137,0,False,residential,West Main Street,78.617,,,,,,,,,,,131545779,
221972137,221956835,0,False,residential,Ada Street,121.111,,,,,,,,,,,20705431,
221972137,221888381,0,False,residential,West Main Street,93.528,,,,,,,,,,,131545779,
221972137,221972125,0,False,residential,West Main Street,78.617,,,,,,,,,,,131545779,
221974574,221974576,0,False,residential,Church Street,61.182,,,,,,,,,,,20675458,
221974574,222030621,0,False,tertiary,Jersey Avenue,95.05,,,,,,,,,,,20678577,
221974574,222036929,0,False,tertiary,Jersey Avenue,163.994,,,,,,,,,,,20678577,
221974576,221951800,0,False,residential,Church Street,75.759,,,,,,,,,,,20675458,
221974576,221974574,0,False,residential,Church Street,61.182,,,,,,,,,,,20675458,
221974576,222321482,0,False,residential,Front Street,159.944,,,,,,,,,,,20714127,
221974576,222030635,0,False,residential,Front Street,100.262,,,,,,,,,,,20714127,
221974583,221974586,0,False,residential,Church Street,77.481,,,,,,,,,,,20675458,
221974583,222321486,0,False,residential,Hammond Street,150.329,2,,,,,,,,,,20704759,
221974583,222030639,0,False,residential,Hammond Street,112.865,2,,,,,,,,,,20704759,
221974583,221951800,0,False,residential,Church Street,75.831,,,,,,,,,,,20675458,
221974586,221974590,0,False,residential,Church Street,76.462,,,,,,,,,,,20675458,
221974586,221974583,0,False,residential,Church Street,77.481,,,,,,,,,,,20675458,
221974586,222030643,0,False,residential,Franklin Street,114.049,,,,,,,,,,,20681473,
221974586,222079484,0,False,residential,Franklin Street,150.293,,,,,,,,,,,20681473,
221974590,221974594,0,False,residential,Church Street,74.4,,,,,,,,,,,20675458,
221974590,221974586,0,False,residential,Church Street,76.462,,,,,,,,,,,20675458,
221974590,222046337,0,False,residential,Barcelow Street,150.467,,,,,,,,,,,20679051,
221974590,222030647,0,False,residential,Barcelow Street,114.822,,,,,,,,,,,20679051,
221974594,221974598,0,False,residential,Church Street,77.098,,,,,,,,,,,20675458,
221974594,221974590,0,False,residential,Church Street,74.4,,,,,,,,,,,20675458,
221974594,222261428,0,False,residential,Orchard Street,151.362,,,,,,,,,,,20697570,
221974594,222030652,0,False,residential,Orchard Street,115.521,,,,,,,,,,,20697570,
221974598,221974594,0,False,residential,Church Street,77.098,,,,,,,,,,,20675458,
221974598,221835804,0,False,residential,Church Street,128.547,,,,,,,,,,,20675458,
221974598,222077737,0,False,residential,Hill Street,152.708,,,,,,,,,,,20681295,
221977083,221835811,0,False,residential,Fowler Street,47.921,,,,,,,,,,,236782850,
221977083,222077737,0,False,residential,Fowler Street,105.839,,,,,,,,,,,236782850,
221977083,222429488,0,False,residential,"['T441', 'Division Street']",86.418,,,,,,,,,,,"[20712529, 20675634]",
221978957,222064074,0,False,residential,Crawford Street,54.778,,,,,,,,,,,20680126,
221978957,222064092,0,False,residential,Ramsey Street,12.101,,,,,,,,,,,20702102,
221978957,221978985,0,False,residential,Brook Street,72.475,,,,,,,,,,,20675787,
221978985,221978957,0,False,residential,Brook Street,72.475,,,,,,,,,,,20675787,
221978998,222154338,0,False,residential,"['Hornbeck Avenue', 'Brook Street']",153.445,,,,,,,,,,,"[20706585, 20675789]",
221982729,221982734,0,False,residential,Sussex Street,36.752,,,,,,,,,,,20676042,
221982734,221951810,0,False,residential,Sussex Street,77.126,,,,,,,,,,,20676042,
221982734,221982729,0,False,residential,Sussex Street,36.752,,,,,,,,,,,20676042,
221982734,4567266963,0,False,tertiary,Front Street,81.183,2,,,30 mph,,,,,,,236782852,
221982734,222036944,0,False,tertiary,Front Street,103.547,2,,,30 mph,,,,,,,236782852,
221982739,221990897,0,False,residential,Hammond Street,95.696,2,,,,,,,,,,20704759,
221982739,221914660,0,False,residential,Sussex Street,201.84,,,,,,,,,,,20676042,
221982739,221951810,0,False,residential,Sussex Street,78.671,,,,,,,,,,,20676042,
221982739,4567266923,0,False,residential,Hammond Street,80.616,2,,,,,,,,,,20704759,
221982746,221982750,0,False,residential,Sussex Street,25.778,,,,,,,,,,,20676042,
221982746,221914660,0,False,residential,Sussex Street,22.673,,,,,,,,,,,20676042,
221982746,221990863,0,False,residential,East Broome Street,103.866,,,,,,,,,,,20699360,
221982750,221982746,0,False,residential,Sussex Street,25.778,,,,,,,,,,,20676042,
221982750,221988773,0,True,residential,North Broome Street,79.162,,,,,,,,,,,20711790,
221982750,221835829,0,False,residential,Sussex Street,155.231,,,,,,,,,,,20676042,
221988773,221965350,0,False,primary,Pike Street,21.18,2,,,30 mph,,,,,,,236782855,US 6;US 209
221988773,221835831,0,False,primary,Pike Street,130.978,2,,,30 mph,,,,,,,236782855,US 6;US 209
221988807,222195098,0,False,residential,"['Railroad Avenue', 'Pike Street']",183.695,,,,,,,,,,,"[20676332, 20692334]",
221988807,222144157,0,False,residential,King Street,74.565,,,,,,,,,,,20707371,
221988807,222219026,0,False,residential,King Street,83.916,,,,,,,,,,,20707371,
221988807,4567266971,0,False,primary,Pike Street,103.666,2,,,30 mph,,,,,,,143992328,US 6;US 209
221988807,4567267705,0,False,primary,Pike Street,39.329,3,,,30 mph,,,,,,,461186633,US 6;US 209
221990863,221982746,0,False,residential,East Broome Street,103.866,,,,,,,,,,,20699360,
221990863,221877922,0,False,residential,East Broome Street,71.75,,,,,,,,,,,20699360,
221990863,221877910,0,False,residential,"['Spring Street', 'Ridge Avenue']",142.182,,,,,,,,,,,"[20710504, 20676425]",
221990894,221990897,0,False,residential,Spring Street,77.148,,,,,,,,,,,20676428,
221990894,222079484,0,False,residential,Franklin Street,184.664,,,,,,,,,,,20681473,
221990894,222079489,0,False,residential,Franklin Street,35.899,,,,,,,,,,,20681473,
221990897,221990894,0,False,residential,Spring Street,77.148,,,,,,,,,,,20676428,
221990897,221982739,0,False,residential,Hammond Street,95.696,2,,,,,,,,,,20704759,
221990897,222321486,0,False,residential,Hammond Street,182.164,2,,,,,,,,,,20704759,
221990945,221996420,0,False,residential,Broad Street,18.905,,,,,,,,,,,20676681,
221990945,221990958,0,False,residential,Dubois Street,177.483,,,,,,,,,,,20676431,
221990945,221996403,0,False,residential,Broad Street,15.496,,,,,,,,,,,20676681,
221990958,221990962,0,False,residential,Dubois Street,9.577,,,,,,,,,,,20676431,
221990958,221990945,0,False,residential,Dubois Street,177.483,,,,,,,,,,,20676431,
221990958,222357191,0,False,residential,Lincoln Street,74.35,,,,,,,,,,,20706984,
221990962,221990958,0,False,residential,Dubois Street,9.577,,,,,,,,,,,20676431,
221990962,221863983,0,False,residential,"['Richard Street', 'Rumsey Street']",66.344,,,,,,,,,,,"[20695976, 20668150]",
221990962,222064092,0,False,residential,Rumsey Street,170.868,,,,,,,,,,,20695976,
221995698,222091403,0,False,residential,Maiden Lane,103.32,,,,,,,,,,,20682655,
221995698,221995710,0,False,residential,Warren Place,89.754,,,,,,,,,,,20676642,
221995698,222091408,0,False,residential,Maiden Lane,34.101,,,,,,,,,,,20682655,
221995710,221995719,0,False,residential,Warren Place,50.869,,,,,,,,,,,20676642,
221995710,221995698,0,False,residential,Warren Place,89.754,,,,,,,,,,,20676642,
221995710,222303924,0,False,residential,Orange Street,171.685,,,,,,,,,,,20711389,
221995719,221995710,0,False,residential,Warren Place,50.869,,,,,,,,,,,20676642,
221996194,221972087,0,False,residential,Fossard Street,219.169,,,,,,,,,,,20676668,
221996397,221996403,0,False,residential,Broad Street,57.631,,,,,,,,,,,20676681,
221996397,222357191,0,False,residential,Hamilton Street,174.093,,,,,,,,,,,20706527,
221996397,222155326,0,False,residential,Hamilton Street,94.006,,,,,,,,,,,20706527,
221996403,221996397,0,False,residential,Broad Street,57.631,,,,,,,,,,,20676681,
221996403,221990945,0,False,residential,Broad Street,15.496,,,,,,,,,,,20676681,
221996403,222155334,0,False,residential,Marvin Street,121.88,,,,,,,,,,,20710879,
221996420,221990945,0,False,residential,Broad Street,18.905,,,,,,,,,,,20676681,
221996420,222064092,0,False,residential,Crawford Street,107.783,,,,,,,,,,,20680127,
221996420,222155343,0,False,residential,Johnson Avenue,146.672,,,,,,,,,,,20693315,
221998348,221835829,0,False,residential,Ulster Place,158.954,,,,,,,,,,,20676754,
222004912,222004916,0,False,residential,Oak Street,78.514,,,,,,,,,,,20677070,
222004912,222028302,0,False,residential,Elmendorf Street,57.328,,,,,,,,,,,20699486,
222004912,222279448,0,False,residential,Elmendorf Street,119.607,,,,,,,,,,,20699486,
222004916,222004912,0,False,residential,Oak Street,78.514,,,,,,,,,,,20677070,
222008948,222008951,0,False,residential,George Street,69.591,,,,,,,,,,,20677232,
222008948,221877919,0,False,residential,East View Place,169.341,,,,,,,,,,,20707054,
222008948,221877926,0,False,residential,John Street,74.506,,,,,,,,,,,20709550,
222008951,222008948,0,False,residential,George Street,69.591,,,,,,,,,,,20677232,
222012723,222012727,0,False,residential,Lane Street,76.464,,,,,,,,,,,20677403,
222012723,222197370,0,False,residential,Ryan Street,46.183,,,,,,,,,,,20694090,
222012723,221747258,0,False,residential,Ryan Street,137.172,,,,,,,,,,,20694090,
222012727,222012723,0,False,residential,Lane Street,76.464,,,,,,,,,,,20677403,
222023911,222023933,0,False,residential,Owen Street,74.89,,,,,,,,,,,20677791,
222023911,222036917,0,False,tertiary,Jersey Avenue,166.156,,,,,,,,,,,20678577,
222023911,221848876,0,False,tertiary,Jersey Avenue,220.559,,,,,,,,,,,20678577,
222023933,222023956,0,False,residential,Owen Street,17.891,,,,,,,,,,,20677791,
222023933,222023911,0,False,residential,Owen Street,74.89,,,,,,,,,,,20677791,
222023933,222090613,0,False,residential,Mill Street,107.255,,,,,,,,,,,20682592,
222023956,221951785,0,False,residential,Owen Street,75.297,,,,,,,,,,,20677791,
222023956,222023933,0,False,residential,Owen Street,17.891,,,,,,,,,,,20677791,
222023956,222276522,0,False,residential,Front Street,166.624,,,,,,,,,,,20714127,
222023971,222023979,0,False,residential,Owen Street,78.635,,,,,,,,,,,20677791,
222023971,221951785,0,False,residential,Owen Street,76.293,,,,,,,,,,,20677791,
222023971,222276525,0,False,residential,Hammond Street,165.942,2,,,,,,,,,,20704759,
222023979,222023971,0,False,residential,Owen Street,78.635,,,,,,,,,,,20677791,
222023979,221729096,0,False,residential,Franklin Street,75.547,,,,,,,,,,,20681473,
222023979,222046321,0,False,residential,"['Barcelow Street', 'Owen Street']",234.535,,,,,,,,,,,"[20679051, 20677791]",
222023979,222079470,0,False,residential,Franklin Street,165.496,,,,,,,,,,,20681473,
222028302,222004912,0,False,residential,Elmendorf Street,57.328,,,,,,,,,,,20699486,
222028302,222028305,0,False,residential,Cedar Street,79.721,,,,,,,,,,,20677980,
222028302,222279457,0,False,residential,Elmendorf Street,54.311,,,,,,,,,,,20699486,
222028305,222091394,0,False,residential,Reservoir Avenue,87.385,,,,,,,,,,,20695095,
222028305,222028302,0,False,residential,Cedar Street,79.721,,,,,,,,,,,20677980,
222028305,222231447,0,False,residential,Reservoir Avenue,574.39,,,,,,,,,,,20695095,
222030621,221974574,0,False,tertiary,Jersey Avenue,95.05,,,,,,,,,,,20678577,
222030621,222030635,0,False,residential,Seward Avenue,75.311,,,,,,,,,,,20678126,
222030621,222036917,0,False,tertiary,Jersey Avenue,199.443,,,,,,,,,,,20678577,
222030635,221951796,0,False,residential,Seward Avenue,75.6,,,,,,,,,,,20678126,
222030635,222030621,0,False,residential,Seward Avenue,75.311,,,,,,,,,,,20678126,
222030635,221974576,0,False,residential,Front Street,100.262,,,,,,,,,,,20714127,
222030635,222276522,0,False,residential,Front Street,199.203,,,,,,,,,,,20714127,
222030639,222030643,0,False,residential,Seward Avenue,75.437,,,,,,,,,,,20678126,
222030639,221951796,0,False,residential,Seward Avenue,78.042,,,,,,,,,,,20678126,
222030639,221974583,0,False,residential,Hammond Street,112.865,2,,,,,,,,,,20704759,
222030639,222276525,0,False,residential,Hammond Street,202.237,2,,,,,,,,,,20704759,
222030643,222030647,0,False,residential,Seward Avenue,76.508,,,,,,,,,,,20678126,
222030643,222030639,0,False,residential,Seward Avenue,75.437,,,,,,,,,,,20678126,
222030643,221974586,0,False,residential,Franklin Street,114.049,,,,,,,,,,,20681473,
222030643,222079470,0,False,residential,Franklin Street,203.068,,,,,,,,,,,20681473,
222030647,222030652,0,False,residential,Seward Avenue,76.519,,,,,,,,,,,20678126,
222030647,222030643,0,False,residential,Seward Avenue,76.508,,,,,,,,,,,20678126,
222030647,222046321,0,False,residential,Barcelow Street,203.618,,,,,,,,,,,20679051,
222030647,221974590,0,False,residential,Barcelow Street,114.822,,,,,,,,,,,20679051,
222030652,222030647,0,False,residential,Seward Avenue,76.519,,,,,,,,,,,20678126,
222030652,221974594,0,False,residential,Orchard Street,115.521,,,,,,,,,,,20697570,
222030652,221835800,0,False,residential,Seward Avenue,174.089,,,,,,,,,,,20678126,
222030652,222261409,0,False,residential,Orchard Street,204.391,,,,,,,,,,,20697570,
222034621,222034630,0,False,residential,Fall Street,75.928,,,,,,,,,,,20678364,
222034630,222034636,0,False,residential,Fall Street,47.793,,,,,,,,,,,20678364,
222034630,221859405,0,False,residential,Howard Street,74.901,,,,,,,,,,,20689961,
222034630,222034621,0,False,residential,Fall Street,75.928,,,,,,,,,,,20678364,
222034636,222034630,0,False,residential,Fall Street,47.793,,,,,,,,,,,20678364,
222036904,221848876,0,False,tertiary,Jersey Avenue,27.161,,,,,,,,,,,20678577,
222036904,221951783,0,False,residential,Cole Street,181.334,,,,,,,,,,,20699040,
222036904,221835758,0,False,tertiary,Jersey Avenue,139.704,,,,,,,,,,,20678577,
222036917,222276522,0,False,residential,Pennsylvania Avenue,85.914,,,,,,,,,,,20699127,
222036917,222030621,0,False,tertiary,Jersey Avenue,199.443,,,,,,,,,,,20678577,
222036917,222023911,0,False,tertiary,Jersey Avenue,166.156,,,,,,,,,,,20678577,
222036929,222321482,0,False,residential,Fowler Street,33.919,,,,,,,,,,,236782851,
222036929,221974574,0,False,tertiary,Jersey Avenue,163.994,,,,,,,,,,,20678577,
222036929,222195277,0,False,residential,Fowler Street,86.94,,,,,,,,,,,20703380,
222036929,222036944,0,False,tertiary,Jersey Avenue,163.686,,,,,,,,,,,236782853,
222036944,222321482,0,False,residential,Front Street,164.047,,,,,,,,,,,20714127,
222036944,221982734,0,False,tertiary,Front Street,103.547,2,,,30 mph,,,,,,,236782852,
222036944,222036929,0,False,tertiary,Jersey Avenue,163.686,,,,,,,,,,,236782853,
222043549,222043559,0,False,primary,Kingston Avenue,96.054,2,,,,,,,,,,20678911,US 209
222043549,222164689,0,False,residential,Neversink Avenue,77.092,,,,,,,,,,,20689847,
222043549,221835811,0,False,primary,Kingston Avenue,167.445,2,,,,,,,,,,20678911,US 209
222043559,222043562,0,False,primary,Kingston Avenue,39.519,2,,,,,,,,,,20678911,US 209
222043559,222043549,0,False,primary,Kingston Avenue,96.054,2,,,,,,,,,,20678911,US 209
222043559,222120494,0,False,residential,Bruce Street,237.48,,,,,,,,,,,20686217,
222043562,222043566,0,False,primary,Kingston Avenue,33.64,2,,,,,,,,,,20678911,US 209
222043562,222043559,0,False,primary,Kingston Avenue,39.519,2,,,,,,,,,,20678911,US 209
222043562,222217992,0,False,residential,Pine Street,90.037,,,,,,,,,,,20694159,
222043566,222043571,0,False,primary,Kingston Avenue,40.014,2,,,,,,,,,,20678911,US 209
222043566,222043562,0,False,primary,Kingston Avenue,33.64,2,,,,,,,,,,20678911,US 209
222043566,222120501,0,False,residential,Lyman Street,227.727,,,,,,,,,,,20687939,
222043571,222043575,0,False,primary,Kingston Avenue,33.334,2,,,,,,,,,,20678911,US 209
222043571,222043566,0,False,primary,Kingston Avenue,40.014,2,,,,,,,,,,20678911,US 209
222043571,222076522,0,False,residential,West Street,162.327,,,,,,,,,,,20681515,
222043575,222043579,0,False,primary,Kingston Avenue,42.963,2,,,,,,,,,,20678911,US 209
222043575,222043571,0,False,primary,Kingston Avenue,33.334,2,,,,,,,,,,20678911,US 209
222043575,222120501,0,False,residential,"['Beach Road', 'Gordon Street']",293.199,,,,,,,,,,,"[20685049, 20683349]",
222043579,221863393,0,False,primary,Kingston Avenue,38.037,2,,,,,,,,,,20678911,US 209
222043579,222043575,0,False,primary,Kingston Avenue,42.963,2,,,,,,,,,,20678911,US 209
222043579,222076526,0,False,residential,White Street,160.972,,,,,,,,,,,20706031,
222043583,221859402,0,False,primary,Kingston Avenue,54.127,2,,,,,,,,,,20678911,US 209
222043583,221863393,0,False,primary,Kingston Avenue,76.173,2,,,,,,,,,,20678911,US 209
222043583,222357161,0,False,residential,Hamilton Street,189.054,,,,,,,,,,,20706527,
222043583,222076530,0,False,residential,Hamilton Street,162.015,,,,,,,,,,,20706527,
222046321,222030647,0,False,residential,Barcelow Street,203.618,,,,,,,,,,,20679051,
222046321,222261409,0,False,residential,Pennsylvania Avenue,75.5,,,,,,,,,,,20699127,
222046321,222079470,0,False,residential,Pennsylvania Avenue,76.898,,,,,,,,,,,20699127,
222046321,222023979,0,False,residential,"['Barcelow Street', 'Owen Street']",234.535,,,,,,,,,,,"[20679051, 20677791]",
222046337,222079484,0,False,residential,Fowler Street,76.266,,,,,,,,,,,236782850,
222046337,221974590,0,False,residential,Barcelow Street,150.467,,,,,,,,,,,20679051,
222046337,221877910,0,False,residential,Ridge Avenue,117.516,,,,,,,,,,,20710504,
222046337,222261428,0,False,residential,Fowler Street,76.119,,,,,,,,,,,236782850,
222064074,221978957,0,False,residential,Crawford Street,54.778,,,,,,,,,,,20680126,
222064074,221863991,0,False,residential,Orange Street,240.911,,,,,,,,,,,20711389,
222064074,222154338,0,False,residential,Orange Street,145.318,,,,,,,,,,,20711389,
222064092,221978957,0,False,residential,Ramsey Street,12.101,,,,,,,,,,,20702102,
222064092,221996420,0,False,residential,Crawford Street,107.783,,,,,,,,,,,20680127,
222064092,221990962,0,False,residential,Rumsey Street,170.868,,,,,,,,,,,20695976,
222071605,221899866,0,False,residential,Coleman Street,63.914,,,,,,,,,,,20680737,
222076522,222076526,0,False,residential,Glass Street,77.133,,,,,,,,,,,20681212,
222076522,222076559,0,False,residential,West Street,11.547,,,,,,,,,,,20681515,
222076522,222043571,0,False,residential,West Street,162.327,,,,,,,,,,,20681515,
222076526,222076530,0,False,residential,Glass Street,124.412,,,,,,,,,,,20681212,
222076526,222076522,0,False,residential,Glass Street,77.133,,,,,,,,,,,20681212,
222076526,222043579,0,False,residential,White Street,160.972,,,,,,,,,,,20706031,
222076530,222076526,0,False,residential,Glass Street,124.412,,,,,,,,,,,20681212,
222076530,222076541,0,False,residential,Glass Street,152.211,,,,,,,,,,,20681212,
222076530,222210804,0,False,residential,Hamilton Street,88.456,,,,,,,,,,,20706527,
222076530,222043583,0,False,residential,Hamilton Street,162.015,,,,,,,,,,,20706527,
222076541,221951942,0,False,residential,Glass Street,93.254,,,,,,,,,,,20681212,
222076541,221944274,0,False,residential,Robert Street,66.061,,,,,,,,,,,20706324,
222076541,222076530,0,False,residential,Glass Street,152.211,,,,,,,,,,,20681212,
222076549,222164027,0,False,residential,Pine Street,89.567,,,,,,,,,,,20694159,
222076549,222127243,0,False,residential,Catherine Street,167.539,,,,,,,,,,,20712710,
222076549,222076559,0,False,residential,Glass Street,81.96,,,,,,,,,,,20681213,
222076549,222217992,0,False,residential,Pine Street,82.423,,,,,,,,,,,20694159,
222076559,222076522,0,False,residential,West Street,11.547,,,,,,,,,,,20681515,
222076559,222076549,0,False,residential,Glass Street,81.96,,,,,,,,,,,20681213,
222076559,222079814,0,False,residential,West Street,92.554,,,,,,,,,,,20681515,
222077706,222261409,0,False,residential,Pennsylvania Avenue,66.485,,,,,,,,,,,20699127,
222077706,222077722,0,False,residential,Hill Street,161.557,,,,,,,,,,,20681292,
222077706,221835794,0,False,residential,Pennsylvania Avenue,73.87,,,,,,,,,,,20699127,
222077722,222077706,0,False,residential,Hill Street,161.557,,,,,,,,,,,20681292,
222077737,221977083,0,False,residential,Fowler Street,105.839,,,,,,,,,,,236782850,
222077737,222261428,0,False,residential,Fowler Street,75.592,,,,,,,,,,,236782850,
222077737,221974598,0,False,residential,Hill Street,152.708,,,,,,,,,,,20681295,
222079470,222046321,0,False,residential,Pennsylvania Avenue,76.898,,,,,,,,,,,20699127,
222079470,222276525,0,False,residential,Pennsylvania Avenue,77.026,,,,,,,,,,,20699127,
222079470,222030643,0,False,residential,Franklin Street,203.068,,,,,,,,,,,20681473,
222079470,222023979,0,False,residential,Franklin Street,165.496,,,,,,,,,,,20681473,
222079484,221990894,0,False,residential,Franklin Street,184.664,,,,,,,,,,,20681473,
222079484,222046337,0,False,residential,Fowler Street,76.266,,,,,,,,,,,236782850,
222079484,222321486,0,False,residential,Fowler Street,75.603,,,,,,,,,,,236782850,
222079484,221974586,0,False,residential,Franklin Street,150.293,,,,,,,,,,,20681473,
222079489,221990894,0,False,residential,Franklin Street,35.899,,,,,,,,,,,20681473,
222079814,222206419,0,False,residential,Canal Street,85.642,,,,,,,,,,,20693653,
222079814,222076559,0,False,residential,West Street,92.554,,,,,,,,,,,20681515,
222079814,222164032,0,False,residential,Canal Street,90.466,,,,,,,,,,,20693653,
222082848,222082855,0,False,residential,Bennett Street,146.561,,,,,,,,,,,20681843,
222082848,221835713,0,False,residential,Minisink Avenue,67.585,,,,,,,,,,,20695478,
222082848,221939086,0,False,residential,Minisink Avenue,76.551,,,,,,,,,,,20695478,
222082855,222287052,0,False,residential,Patterson Street,76.568,,,,,,,,,,,20700990,
222082855,222082848,0,False,residential,Bennett Street,146.561,,,,,,,,,,,20681843,
222082855,221939086,0,False,residential,"['Patterson Street', 'Wright Street']",193.427,,,,,,,,,,,"[20673268, 20700990]",
222086611,221956842,0,False,residential,Willard Street,51.726,,,,,,,,,,,20682225,
222090613,222023933,0,False,residential,Mill Street,107.255,,,,,,,,,,,20682592,
222091394,222028305,0,False,residential,Reservoir Avenue,87.385,,,,,,,,,,,20695095,
222091394,221858789,0,False,residential,Maiden Lane,183.647,,,,,,,,,,,20682655,
222091394,222231352,0,False,residential,Reservoir Avenue,88.464,,,,,,,,,,,20695095,
222091403,221995698,0,False,residential,Maiden Lane,103.32,,,,,,,,,,,20682655,
222091403,221858789,0,False,residential,Maiden Lane,86.256,,,,,,,,,,,20682655,
222091403,222303924,0,False,residential,Irving Place,118.511,,,,,,,,,,,20701853,
222091408,221995698,0,False,residential,Maiden Lane,34.101,,,,,,,,,,,20682655,
222120494,222130448,0,False,residential,Bruce Street,44.926,,,,,,,,,,,20686217,
222120494,222120501,0,False,residential,Gordon Street,73.166,,,,,,,,,,,20685049,
222120494,222043559,0,False,residential,Bruce Street,237.48,,,,,,,,,,,20686217,
222120501,222043566,0,False,residential,Lyman Street,227.727,,,,,,,,,,,20687939,
222120501,222043575,0,False,residential,"['Beach Road', 'Gordon Street']",293.199,,,,,,,,,,,"[20685049, 20683349]",
222120501,222120494,0,False,residential,Gordon Street,73.166,,,,,,,,,,,20685049,
222127239,222127243,0,False,residential,Mary Street,82.001,,,,,,,,,,,20685879,
222127239,222217992,0,False,residential,Ferguson Avenue,163.235,,,,,,,,,,,20694891,
222127239,221835818,0,False,residential,Ferguson Avenue,148.85,,,,,,,,,,,20694891,
222127243,222127245,0,False,residential,Mary Street,91.558,,,,,,,,,,,20685879,
222127243,222127239,0,False,residential,Mary Street,82.001,,,,,,,,,,,20685879,
222127243,222076549,0,False,residential,Catherine Street,167.539,,,,,,,,,,,20712710,
222127245,222127243,0,False,residential,Mary Street,91.558,,,,,,,,,,,20685879,
222127245,222164027,0,False,residential,Sullivan Avenue,165.313,,,,,,,,,,,20689777,
222127245,221835823,0,False,residential,Sullivan Avenue,151.729,,,,,,,,,,,20689777,
222130448,222120494,0,False,residential,Bruce Street,44.926,,,,,,,,,,,20686217,
222136048,221956839,0,False,residential,Harold Street,53.018,,,,,,,,,,,20686817,
222144157,221854886,0,False,residential,Brown Street,109.12,,,,,,,,,,,20687544,
222144157,222370152,0,False,residential,King Street,82.139,,,,,,,,,,,20707371,
222144157,222144166,0,False,residential,Brown Street,113.055,,,,,,,,,,,20687544,
222144157,221988807,0,False,residential,King Street,74.565,,,,,,,,,,,20707371,
222144166,222195378,0,False,residential,Railroad Avenue,81.718,,,,,,,,,,,20692371,
222144166,222195376,0,False,residential,Railroad Avenue,31.839,,,,,,,,,,,20692371,
222144166,222144157,0,False,residential,Brown Street,113.055,,,,,,,,,,,20687544,
222154338,222154340,0,False,residential,Mountain Avenue,78.468,,,,,,,,,,,20688658,
222154338,221978998,0,False,residential,"['Brook Street', 'Hornbeck Avenue']",153.445,,,,,,,,,,,"[20706585, 20675789]",
222154338,222064074,0,False,residential,Orange Street,145.318,,,,,,,,,,,20711389,
222154338,222378336,0,False,residential,Orange Street,88.875,,,,,,,,,,,20711389,
222154340,222154338,0,False,residential,Mountain Avenue,78.468,,,,,,,,,,,20688658,
222154340,222213579,0,False,residential,Hudson Street,250.987,,,,,,,,,,,20707012,
222154340,221814234,0,False,residential,Hudson Street,326.391,,,,,,,,,,,20707012,
222155299,222155323,0,False,residential,Farnum Street,140.602,,,,,,,,,,,20688794,
222155323,222155326,0,False,residential,Farnum Street,66.698,,,,,,,,,,,20688794,
222155323,222155299,0,False,residential,Farnum Street,140.602,,,,,,,,,,,20688794,
222155323,222199542,0,False,residential,Stoll Street,129.868,,,,,,,,,,,20692690,
222155326,222155323,0,False,residential,Farnum Street,66.698,,,,,,,,,,,20688794,
222155326,222210804,0,False,residential,Hamilton Street,50.692,,,,,,,,,,,20706527,
222155326,222155334,0,False,residential,Farnum Street,53.842,,,,,,,,,,,20688794,
222155326,221996397,0,False,residential,Hamilton Street,94.006,,,,,,,,,,,20706527,
222155334,222155343,0,False,residential,Farnum Street,75.73,,,,,,,,,,,20688794,
222155334,222155326,0,False,residential,Farnum Street,53.842,,,,,,,,,,,20688794,
222155334,221996403,0,False,residential,Marvin Street,121.88,,,,,,,,,,,20710879,
222155343,222206419,0,False,residential,Johnson Avenue,43.225,,,,,,,,,,,20693315,
222155343,222155334,0,False,residential,Farnum Street,75.73,,,,,,,,,,,20688794,
222155343,221996420,0,False,residential,Johnson Avenue,146.672,,,,,,,,,,,20693315,
222160849,221972096,0,False,residential,Buckley Street,100.412,,,,,,,,,,,20689361,
222162606,221951976,0,False,residential,Diane Place,66.987,,,,,,,,,,,20689588,
222162606,221951923,0,False,residential,Diane Place,125.361,,,,,,,,,,,20689588,
222162606,221951931,0,False,residential,Diane Place,133.393,,,,,,,,,,,20689595,
222163793,221740940,0,False,residential,Ferry Street,15.745,,,,,,,,,,,179222929,
222163800,221972084,0,False,residential,Ferry Street,45.896,,,,,,,,,,,179222929,
222163800,222176499,0,False,residential,Union Street,131.035,,,,,,,,,,,20690836,
222163800,221886120,0,False,residential,Ferry Street,112.914,,,,,,,,,,,179222929,
222164027,222164032,0,False,residential,Sullivan Avenue,29.831,,,,,,,,,,,20689779,
222164027,222076549,0,False,residential,Pine Street,89.567,,,,,,,,,,,20694159,
222164027,222127245,0,False,residential,Sullivan Avenue,165.313,,,,,,,,,,,20689777,
222164032,222164027,0,False,residential,Sullivan Avenue,29.831,,,,,,,,,,,20689779,
222164032,222079814,0,False,residential,Canal Street,90.466,,,,,,,,,,,20693653,
222164032,222210756,0,False,residential,Canal Street,211.166,,,,,,,,,,,20693653,
222164199,221956852,0,False,residential,Center Street,92.524,,,,,,,,,,,20689795,
222164673,222164677,0,False,residential,Neversink Avenue,78.364,,,,,,,,,,,20689845,
222164677,222164673,0,False,residential,Neversink Avenue,78.364,,,,,,,,,,,20689845,
222164677,222164686,0,False,residential,Prospect Street,14.677,,,,,,,,,,,139811633,
222164677,222338233,0,False,residential,Prospect Street,91.893,,,,,,,,,,,20713320,
222164686,222164689,0,False,residential,Neversink Avenue,89.415,,,,,,,,,,,20689847,
222164686,222164677,0,False,residential,Prospect Street,14.677,,,,,,,,,,,139811633,
222164686,221747544,0,False,residential,"['Prospect Street', 'Gardner Street']",244.262,,,,,,,,,,,"[139811636, 20667660]",
222164689,222043549,0,False,residential,Neversink Avenue,77.092,,,,,,,,,,,20689847,
222164689,222164686,0,False,residential,Neversink Avenue,89.415,,,,,,,,,,,20689847,
222164689,222435122,0,False,residential,Kellogg Avenue,56.733,,,,,,,,,,,20712988,
222164689,221835807,0,False,residential,Kellogg Avenue,183.853,,,,,,,,,,,20712988,
222165743,222165751,0,False,residential,2nd Street,87.379,,,,,,,,,,,20689928,
222165751,222165743,0,False,residential,2nd Street,87.379,,,,,,,,,,,20689928,
222165751,222219026,0,False,residential,King Street,67.365,,,,,,,,,,,20707371,
222165751,222370148,0,False,residential,King Street,61.908,,,,,,,,,,,20707371,
222165751,222165759,0,False,residential,2nd Street,87.221,,,,,,,,,,,20689928,
222165759,222165751,0,False,residential,2nd Street,87.221,,,,,,,,,,,20689928,
222165759,222195107,0,False,residential,Railroad Avenue,61.927,,,,,,,,,,,20692334,
222165759,222195098,0,False,residential,Railroad Avenue,70.706,,,,,,,,,,,20692334,
222176499,222163800,0,False,residential,Union Street,131.035,,,,,,,,,,,20690836,
222176499,221886100,0,False,residential,Railroad Circle,135.063,,,,,,,,,,,20712751,
222176499,222431973,0,False,residential,Railroad Circle,65.853,,,,,,,,,,,20712751,
222179052,221971997,0,False,primary,Park Avenue,804.88,,,,,,,,,,,20691131,NY 42;NY 97
222179052,221972029,0,False,residential,"['Grand View Avenue', 'Blair Road']",483.592,,,,,,,,,,,"[20689565, 20696423]",
222195098,222219026,0,False,residential,1st Street,96.785,,,,,,,,,,,20694242,
222195098,222165759,0,False,residential,Railroad Avenue,70.706,,,,,,,,,,,20692334,
222195098,221988807,0,False,residential,"['Railroad Avenue', 'Pike Street']",183.695,,,,,,,,,,,"[20676332, 20692334]",
222195107,222195112,0,False,residential,Railroad Avenue,117.02,,,,,,,,,,,20692334,
222195107,222370148,0,False,residential,3rd Street,80.091,,,,,,,,,,,20713071,
222195107,222165759,0,False,residential,Railroad Avenue,61.927,,,,,,,,,,,20692334,
222195112,222195107,0,False,residential,Railroad Avenue,117.02,,,,,,,,,,,20692334,
222195112,222195277,0,False,residential,Fowler Street,8.977,,,,,,,,,,,20703380,
222195112,222370148,0,False,residential,"['4th Street', 'King Street']",192.318,,,,,,,,,,,"[20707371, 20713557]",
222195277,222195112,0,False,residential,Fowler Street,8.977,,,,,,,,,,,20703380,
222195277,222036929,0,False,residential,Fowler Street,86.94,,,,,,,,,,,20703380,
222195277,222195306,0,False,residential,Railroad Avenue,235.272,,,,,,,,,,,320313634,
222195306,222195277,0,False,residential,Railroad Avenue,235.272,,,,,,,,,,,320313634,
222195376,222144166,0,False,residential,Railroad Avenue,31.839,,,,,,,,,,,20692371,
222195378,222144166,0,False,residential,Railroad Avenue,81.718,,,,,,,,,,,20692371,
222195378,222269668,0,False,residential,"['Railroad Avenue', 'Lumber Street']",207.73,,,,,,,,,,,"[20698419, 20692371]",
222195378,222370152,0,False,residential,Thompson Street,122.299,,,,,,,,,,,20711169,
222197370,222012723,0,False,residential,Ryan Street,46.183,,,,,,,,,,,20694090,
222197370,222197393,0,False,residential,Upper Canal Street,138.616,,,,,,,,,,,20692516,
222197370,222210846,0,False,residential,Ryan Street,53.685,,,,,,,,,,,20694092,
222197393,222197370,0,False,residential,Upper Canal Street,138.616,,,,,,,,,,,20692516,
222199542,222199545,0,False,residential,Stoll Street,91.621,,,,,,,,,,,20692690,
222199542,222202356,0,False,residential,Short Street,81.483,,,,,,,,,,,20692905,
222199542,222155323,0,False,residential,Stoll Street,129.868,,,,,,,,,,,20692690,
222199545,222199542,0,False,residential,Stoll Street,91.621,,,,,,,,,,,20692690,
222199545,222364452,0,False,residential,Lincoln Street,68.998,,,,,,,,,,,20706984,
222199545,222357191,0,False,residential,Lincoln Street,70.462,,,,,,,,,,,20706984,
222202356,222199542,0,False,residential,Short Street,81.483,,,,,,,,,,,20692905,
222206419,222155343,0,False,residential,Johnson Avenue,43.225,,,,,,,,,,,20693315,
222206419,222079814,0,False,residential,Canal Street,85.642,,,,,,,,,,,20693653,
222206419,222210804,0,False,residential,Canal Street,134.125,,,,,,,,,,,20693653,
222210756,222378336,0,False,residential,Orange Street,54.936,,,,,,,,,,,20711389,
222210756,222164032,0,False,residential,Canal Street,211.166,,,,,,,,,,,20693653,
222210756,221971962,0,False,residential,Canal Street,236.323,,,,,,,,,,,20693653,
222210756,221835831,0,False,residential,Orange Street,206.914,,,,,,,,,,,20711389,
222210804,222155326,0,False,residential,Hamilton Street,50.692,,,,,,,,,,,20706527,
222210804,222210810,0,False,residential,Canal Street,154.503,,,,,,,,,,,20693653,
222210804,222206419,0,False,residential,Canal Street,134.125,,,,,,,,,,,20693653,
222210804,222076530,0,False,residential,Hamilton Street,88.456,,,,,,,,,,,20706527,
222210810,222210846,0,False,residential,Canal Street,464.577,,,,,,,,,,,20693653,
222210810,222210804,0,False,residential,Canal Street,154.503,,,,,,,,,,,20693653,
222210810,221944274,0,False,residential,Robert Street,79.347,,,,,,,,,,,20706324,
222210846,222210810,0,False,residential,Canal Street,464.577,,,,,,,,,,,20693653,
222210846,222197370,0,False,residential,Ryan Street,53.685,,,,,,,,,,,20694092,
222210998,221965353,0,False,residential,Canal Street,79.318,,,,,,,,,,,20693655,
222213579,222213580,0,False,residential,Myrtle Avenue,96.928,,,,,,,,,,,20693831,
222213579,222271346,0,False,residential,Hudson Street,87.758,,,,,,,,,,,20707012,
222213579,222154340,0,False,residential,Hudson Street,250.987,,,,,,,,,,,20707012,
222213580,222213579,0,False,residential,Myrtle Avenue,96.928,,,,,,,,,,,20693831,
222217992,222043562,0,False,residential,Pine Street,90.037,,,,,,,,,,,20694159,
222217992,222127239,0,False,residential,Ferguson Avenue,163.235,,,,,,,,,,,20694891,
222217992,222076549,0,False,residential,Pine Street,82.423,,,,,,,,,,,20694159,
222219023,222219026,0,False,residential,1st Street,111.937,,,,,,,,,,,20694242,
222219026,222195098,0,False,residential,1st Street,96.785,,,,,,,,,,,20694242,
222219026,222219023,0,False,residential,1st Street,111.937,,,,,,,,,,,20694242,
222219026,222165751,0,False,residential,King Street,67.365,,,,,,,,,,,20707371,
222219026,221988807,0,False,residential,King Street,83.916,,,,,,,,,,,20707371,
222219402,221972100,0,False,residential,Holbrook Street,90.723,,,,,,,,,,,20694274,
222231352,222091394,0,False,residential,Reservoir Avenue,88.464,,,,,,,,,,,20695095,
222231352,221863991,0,False,residential,Reservoir Avenue,92.803,,,,,,,,,,,20695095,
222231352,221858783,0,False,residential,Hudson Street,182.745,,,,,,,,,,,20707012,
222231352,222279448,0,False,residential,Hudson Street,79.296,,,,,,,,,,,20707012,
222231447,222028305,0,False,residential,Reservoir Avenue,574.39,,,,,,,,,,,20695095,
222231447,222329963,0,False,residential,Skyline Drive,1457.243,,,,,,,,,,,20704388,
222236830,221939086,0,False,residential,Minisink Avenue,43.869,,,,,,,,,,,20695478,
222236830,221828493,0,False,residential,Woodland Drive,289.584,,,,,,,,,,,20713055,
222261409,222077706,0,False,residential,Pennsylvania Avenue,66.485,,,,,,,,,,,20699127,
222261409,222046321,0,False,residential,Pennsylvania Avenue,75.5,,,,,,,,,,,20699127,
222261409,222030652,0,False,residential,Orchard Street,204.391,,,,,,,,,,,20697570,
222261428,221974594,0,False,residential,Orchard Street,151.362,,,,,,,,,,,20697570,
222261428,222077737,0,False,residential,Fowler Street,75.592,,,,,,,,,,,236782850,
222261428,222046337,0,False,residential,Fowler Street,76.119,,,,,,,,,,,236782850,
222269668,222370152,0,False,residential,King Street,79.299,,,,,,,,,,,20707371,
222269668,222195378,0,False,residential,"['Railroad Avenue', 'Lumber Street']",207.73,,,,,,,,,,,"[20698419, 20692371]",
222269668,221739625,0,False,residential,Lumber Street,105.449,,,,,,,,,,,20698419,
222269668,222370173,0,False,residential,King Street,219.602,,,,,,,,,,,20707371,
222271346,222271356,0,False,residential,Pearl Street,119.286,,,,,,,,,,,20698614,
222271346,222279448,0,False,residential,Hudson Street,17.061,,,,,,,,,,,20707012,
222271346,222213579,0,False,residential,Hudson Street,87.758,,,,,,,,,,,20707012,
222271356,222271346,0,False,residential,Pearl Street,119.286,,,,,,,,,,,20698614,
222276522,221951788,0,False,residential,Pennsylvania Avenue,75.822,,,,,,,,,,,20699127,
222276522,222036917,0,False,residential,Pennsylvania Avenue,85.914,,,,,,,,,,,20699127,
222276522,222023956,0,False,residential,Front Street,166.624,,,,,,,,,,,20714127,
222276522,222030635,0,False,residential,Front Street,199.203,,,,,,,,,,,20714127,
222276525,222079470,0,False,residential,Pennsylvania Avenue,77.026,,,,,,,,,,,20699127,
222276525,221951788,0,False,residential,Pennsylvania Avenue,76.292,,,,,,,,,,,20699127,
222276525,222030639,0,False,residential,Hammond Street,202.237,2,,,,,,,,,,20704759,
222276525,222023971,0,False,residential,Hammond Street,165.942,2,,,,,,,,,,20704759,
222279448,222004912,0,False,residential,Elmendorf Street,119.607,,,,,,,,,,,20699486,
222279448,222231352,0,False,residential,Hudson Street,79.296,,,,,,,,,,,20707012,
222279448,222271346,0,False,residential,Hudson Street,17.061,,,,,,,,,,,20707012,
222279457,222028302,0,False,residential,Elmendorf Street,54.311,,,,,,,,,,,20699486,
222287052,222293596,0,False,residential,Patterson Street,58.888,,,,,,,,,,,20700990,
222287052,222082855,0,False,residential,Patterson Street,76.568,,,,,,,,,,,20700990,
222292937,221835798,0,False,residential,Merrit Place,99.514,,,,,,,,,,,20700936,
222292947,221835796,0,False,residential,Merrit Place,129.153,,,,,,,,,,,20700940,
222293596,222287052,0,False,residential,Patterson Street,58.888,,,,,,,,,,,20700990,
222293596,221835728,0,False,tertiary,North Maple Avenue,155.457,,,,,,,,,,,20704769,
222303924,221858778,0,False,residential,Orange Street,80.048,,,,,,,,,,,20711389,
222303924,222091403,0,False,residential,Irving Place,118.511,,,,,,,,,,,20701853,
222303924,221995710,0,False,residential,Orange Street,171.685,,,,,,,,,,,20711389,
222305465,5314172416,0,False,residential,Washington Avenue,37.584,,,,,,,,,,,20701984,
222305465,221967610,0,False,residential,Clark Street,7.762,,,,,,,,,,,20704259,
222305465,221971991,0,False,residential,Washington Avenue,163.334,,,,,,,,,,,20701984,
222321482,221951803,0,False,residential,Fowler Street,77.334,,,,,,,,,,,236782851,
222321482,222036929,0,False,residential,Fowler Street,33.919,,,,,,,,,,,236782851,
222321482,222036944,0,False,residential,Front Street,164.047,,,,,,,,,,,20714127,
222321482,221974576,0,False,residential,Front Street,159.944,,,,,,,,,,,20714127,
222321486,221974583,0,False,residential,Hammond Street,150.329,2,,,,,,,,,,20704759,
222321486,222079484,0,False,residential,Fowler Street,75.603,,,,,,,,,,,236782850,
222321486,221951803,0,False,residential,Fowler Street,77.093,,,,,,,,,,,236782850,
222321486,221990897,0,False,residential,Hammond Street,182.164,2,,,,,,,,,,20704759,
222325349,221956831,0,False,residential,Ralph Street,187.258,,,,,,,,,,,20703791,
222329963,222231447,0,False,residential,Skyline Drive,1457.243,,,,,,,,,,,20704388,
222329963,221858872,0,False,residential,Skyline Drive,170.569,,,,,,,,,,,20704388,
222329963,221778108,0,False,residential,Skyline Drive,920.043,,,,,,,,,,,20704488,
222338218,222338233,0,False,residential,Jones Street,122.668,,,,,,,,,,,20705201,
222338233,222338218,0,False,residential,Jones Street,122.668,,,,,,,,,,,20705201,
222338233,222164677,0,False,residential,Prospect Street,91.893,,,,,,,,,,,20713320,
222338233,221835802,0,False,residential,Prospect Street,106.698,,,,,,,,,,,20713320,
222340579,221956835,0,False,residential,Ada Street,58.204,,,,,,,,,,,20705431,
222357161,222043583,0,False,residential,Hamilton Street,189.054,,,,,,,,,,,20706527,
222357161,222375233,0,False,residential,Lower Beach Road,447.99,,,,,,,,,,,20707672,
222357191,222199545,0,False,residential,Lincoln Street,70.462,,,,,,,,,,,20706984,
222357191,221996397,0,False,residential,Hamilton Street,174.093,,,,,,,,,,,20706527,
222357191,221990958,0,False,residential,Lincoln Street,74.35,,,,,,,,,,,20706984,
222364452,222199545,0,False,residential,Lincoln Street,68.998,,,,,,,,,,,20706984,
222370148,222165751,0,False,residential,King Street,61.908,,,,,,,,,,,20707371,
222370148,222195107,0,False,residential,3rd Street,80.091,,,,,,,,,,,20713071,
222370148,222436405,0,False,residential,3rd Street,52.982,,,,,,,,,,,20713071,
222370148,222195112,0,False,residential,"['4th Street', 'King Street']",192.318,,,,,,,,,,,"[20707371, 20713557]",
222370152,222269668,0,False,residential,King Street,79.299,,,,,,,,,,,20707371,
222370152,222144157,0,False,residential,King Street,82.139,,,,,,,,,,,20707371,
222370152,221854890,0,False,residential,Thompson Street,108.33,,,,,,,,,,,20711169,
222370152,222195378,0,False,residential,Thompson Street,122.299,,,,,,,,,,,20711169,
222370173,222269668,0,False,residential,King Street,219.602,,,,,,,,,,,20707371,
222375233,222357161,0,False,residential,Lower Beach Road,447.99,,,,,,,,,,,20707672,
222378336,222378339,0,False,residential,Brooklyn Street,202.728,,,,,,,,,,,20707895,
222378336,222210756,0,False,residential,Orange Street,54.936,,,,,,,,,,,20711389,
222378336,222154338,0,False,residential,Orange Street,88.875,,,,,,,,,,,20711389,
222378339,222378336,0,False,residential,Brooklyn Street,202.728,,,,,,,,,,,20707895,
222429488,221977083,0,False,residential,"['T441', 'Division Street']",86.418,,,,,,,,,,,"[20712529, 20675634]",
222431973,221972081,0,False,residential,Railroad Circle,108.28,,,,,,,,,,,20712749,
222431973,222431991,0,False,residential,Railroad Circle,124.227,,,,,,,,,,,20712749,
222431973,222176499,0,False,residential,Railroad Circle,65.853,,,,,,,,,,,20712751,
222431991,222431973,0,False,residential,Railroad Circle,124.227,,,,,,,,,,,20712749,
222435122,222164689,0,False,residential,Kellogg Avenue,56.733,,,,,,,,,,,20712988,
222436405,222370148,0,False,residential,3rd Street,52.982,,,,,,,,,,,20713071,
1447430799,4567266932,0,True,primary_link,,20.348,1,,,30 mph,,,,,,,131545785,
1447430799,4567266938,0,True,primary,Pike Street,33.777,1,,,30 mph,,,,,,,461186625,US 6;US 209
3138808181,221835708,0,False,residential,Road B,106.816,,,,,,,,,,,20713367,
3138808181,221835708,1,False,primary,East Main Street,38.626,2,,,,,,,,,,186073780,US 6
3138808181,221726509,0,False,primary,East Main Street,278.841,2,,,,,,yes,,,,"[20665488, 186073780, 186073789]",US 6
4567266923,221982739,0,False,residential,Hammond Street,80.616,2,,,,,,,,,,20704759,
4567266923,221914662,0,False,primary,Pike Street,201.888,2,,,30 mph,,,,,,,236782855,US 6;US 209
4567266923,221763529,0,False,residential,Hammond Street,53.58,2,,,,,,,,,,461186622,
4567266923,4567266926,0,False,primary,Pike Street,31.989,3,,,30 mph,,,,,,,461186623,US 6;US 209
4567266926,4567266950,0,True,primary_link,,73.763,1,,,30 mph,,,,,,,20707619,
4567266926,4567266923,0,False,primary,Pike Street,31.989,3,,,30 mph,,,,,,,461186623,US 6;US 209
4567266926,4567267691,0,True,primary,Pike Street,68.187,2,,,30 mph,,,,,,,461186624,US 6;US 209
4567266932,4567266963,0,False,tertiary,Pike Street,50.436,2,,,30 mph,,,,,,,20676330,
4567266932,4567266938,0,True,tertiary,Pike Street,33.347,1,,,30 mph,,,,,,,461186626,
4567266938,221951810,0,False,residential,Ball Street,80.886,,,,,,,,,,,236782848,
4567266938,4567266926,0,True,primary,Pike Street,45.309,1,,,30 mph,,,,,,,461186621,US 6;US 209
4567266950,4567266963,0,False,tertiary,Macarthur Circle,122.84,"['3', '2']",,,30 mph,,,yes,,,,"[461186627, 20699302, 68122169, 461186618, 68122108]",
4567266950,4567267691,0,True,primary_link,,40.996,1,,,30 mph,,,,,,,461186628,
4567266963,4567266932,0,False,tertiary,Pike Street,50.436,2,,,30 mph,,,,,,,20676330,
4567266963,4567266950,0,False,tertiary,Macarthur Circle,122.84,"['3', '2']",,,30 mph,,,yes,,,,"[461186627, 20699302, 68122169, 461186618, 68122108]",
4567266963,221982734,0,False,tertiary,Front Street,81.183,2,,,30 mph,,,,,,,236782852,
4567266971,221854886,0,False,residential,Water Street,81.317,,,,,,,,,,,20667359,
4567266971,221988807,0,False,primary,Pike Street,103.666,2,,,30 mph,,,,,,,143992328,US 6;US 209
4567267691,4567267705,0,True,primary,Pike Street,224.047,2,,,30 mph,,,,yes,,,"[461186635, 461186620, 461186629, 461186630]",US 6;US 209
4567267705,1447430799,0,True,primary,Pike Street,210.954,2,,,30 mph,,,,yes,,,"[131545760, 131545759, 461186619, 461186631]",US 6;US 209
4567267705,221988807,0,False,primary,Pike Street,39.329,3,,,30 mph,,,,,,,461186633,US 6;US 209
5314172416,222305465,0,False,residential,Washington Avenue,37.584,,,,,,,,,,,20701984,
